{"cameraMode":{"drawMode":0,"name":"Shaded","section":"Shading Mode"},"sceneLighting":false,"audioPlay":false,"sceneViewState":{"showFog":true,"showMaterialUpdate":false,"showSkybox":false,"showFlares":true,"showImageEffects":true,"showParticleSystems":true},"in2DMode":false,"pivot":{"x":-41.29999923706055,"y":5.0,"z":-0.3999999761581421},"rotation":{"x":0.35986679792404177,"y":0.19058182835578919,"z":-0.07535085082054138,"w":0.910223662853241},"size":2.8578836917877199,"orthographic":true}